{
  "timestamp": "20250812_194258",
  "checkerboard_size": [
    9,
    6
  ],
  "square_size_mm": 55.0,
  "origin_corner": "top_left",
  "transform_matrix": [
    [
      -0.9941369891166687,
      0.0038594382349401712,
      0.026585174724459648,
      215.59255981445312
    ],
    [
      0.007120477966964245,
      -0.9148558974266052,
      0.40371623635292053,
      -169.06219482421875
    ],
    [
      0.02574867010116577,
      0.4037620723247528,
      0.9144979119300842,
      -502.3689880371094
    ],
    [
      0.0,
      0.0,
      0.0,
      1.0
    ]
  ],
  "camera_matrix": [
    [
      748.4868774414062,
      0.0,
      638.9785766601562
    ],
    [
      0.0,
      747.8449096679688,
      363.3479919433594
    ],
    [
      0.0,
      0.0,
      1.0
    ]
  ],
  "distortion_coeffs": [
    0.07690364867448807,
    -0.10580373555421829,
    -0.0002661615435499698,
    -0.00010636692604748532,
    0.04362822696566582
  ],
  "rotation_vector": [
    -0.04221185184365463,
    -0.8070099261583643,
    -3.026935510294517
  ],
  "translation_vector": [
    197.80418819983046,
    102.77429648875628,
    515.5956367621727
  ],
  "num_corners_detected": 54,
  "reprojection_error_px": 0.3772256672382355
}